--------------------------------------------------------
--  File created - piątek-maja-03-2024   
--------------------------------------------------------
--------------------------------------------------------
--  DDL for Table ACTIONS
--------------------------------------------------------

  CREATE TABLE "SKLEP"."ACTIONS" 
   (	"ACTION_ID" NUMBER, 
	"ACTION" VARCHAR2(20 BYTE)
   ) SEGMENT CREATION IMMEDIATE 
  PCTFREE 10 PCTUSED 40 INITRANS 1 MAXTRANS 255 NOCOMPRESS LOGGING
  STORAGE(INITIAL 65536 NEXT 1048576 MINEXTENTS 1 MAXEXTENTS 2147483645
  PCTINCREASE 0 FREELISTS 1 FREELIST GROUPS 1 BUFFER_POOL DEFAULT FLASH_CACHE DEFAULT CELL_FLASH_CACHE DEFAULT)
  TABLESPACE "SYSTEM" ;
--------------------------------------------------------
--  DDL for Table CHARACTER_ACTIONS
--------------------------------------------------------

  CREATE TABLE "SKLEP"."CHARACTER_ACTIONS" 
   (	"CHARACTER_ID" NUMBER, 
	"ACTION_ID" NUMBER
   ) SEGMENT CREATION IMMEDIATE 
  PCTFREE 10 PCTUSED 40 INITRANS 1 MAXTRANS 255 NOCOMPRESS LOGGING
  STORAGE(INITIAL 65536 NEXT 1048576 MINEXTENTS 1 MAXEXTENTS 2147483645
  PCTINCREASE 0 FREELISTS 1 FREELIST GROUPS 1 BUFFER_POOL DEFAULT FLASH_CACHE DEFAULT CELL_FLASH_CACHE DEFAULT)
  TABLESPACE "SYSTEM" ;
--------------------------------------------------------
--  DDL for Table CHARACTERS
--------------------------------------------------------

  CREATE TABLE "SKLEP"."CHARACTERS" 
   (	"CHARACTER_ID" NUMBER, 
	"NAME" VARCHAR2(30 BYTE), 
	"HOMELAND" VARCHAR2(60 BYTE), 
	"FAVORITE_COLOR" VARCHAR2(30 BYTE)
   ) SEGMENT CREATION IMMEDIATE 
  PCTFREE 10 PCTUSED 40 INITRANS 1 MAXTRANS 255 NOCOMPRESS LOGGING
  STORAGE(INITIAL 65536 NEXT 1048576 MINEXTENTS 1 MAXEXTENTS 2147483645
  PCTINCREASE 0 FREELISTS 1 FREELIST GROUPS 1 BUFFER_POOL DEFAULT FLASH_CACHE DEFAULT CELL_FLASH_CACHE DEFAULT)
  TABLESPACE "SYSTEM" ;
--------------------------------------------------------
--  DDL for Table MORE_INFO
--------------------------------------------------------

  CREATE TABLE "SKLEP"."MORE_INFO" 
   (	"MORE_INFO_ID" NUMBER, 
	"BIRTHDAY" DATE, 
	"HEIGHT_IN_CM" NUMBER, 
	"WEIGHT_IN_KG" NUMBER, 
	"CHARACTER_ID" NUMBER
   ) SEGMENT CREATION IMMEDIATE 
  PCTFREE 10 PCTUSED 40 INITRANS 1 MAXTRANS 255 NOCOMPRESS LOGGING
  STORAGE(INITIAL 65536 NEXT 1048576 MINEXTENTS 1 MAXEXTENTS 2147483645
  PCTINCREASE 0 FREELISTS 1 FREELIST GROUPS 1 BUFFER_POOL DEFAULT FLASH_CACHE DEFAULT CELL_FLASH_CACHE DEFAULT)
  TABLESPACE "SYSTEM" ;
--------------------------------------------------------
--  DDL for Table SOUNDS
--------------------------------------------------------

  CREATE TABLE "SKLEP"."SOUNDS" 
   (	"SOUND_ID" NUMBER, 
	"FILENAME" VARCHAR2(40 BYTE), 
	"CHARACTER_ID" NUMBER
   ) SEGMENT CREATION IMMEDIATE 
  PCTFREE 10 PCTUSED 40 INITRANS 1 MAXTRANS 255 NOCOMPRESS LOGGING
  STORAGE(INITIAL 65536 NEXT 1048576 MINEXTENTS 1 MAXEXTENTS 2147483645
  PCTINCREASE 0 FREELISTS 1 FREELIST GROUPS 1 BUFFER_POOL DEFAULT FLASH_CACHE DEFAULT CELL_FLASH_CACHE DEFAULT)
  TABLESPACE "SYSTEM" ;
REM INSERTING into SKLEP.ACTIONS
SET DEFINE OFF;
Insert into SKLEP.ACTIONS (ACTION_ID,ACTION) values (1,'run');
Insert into SKLEP.ACTIONS (ACTION_ID,ACTION) values (2,'jump');
Insert into SKLEP.ACTIONS (ACTION_ID,ACTION) values (3,'duck');
REM INSERTING into SKLEP.CHARACTER_ACTIONS
SET DEFINE OFF;
Insert into SKLEP.CHARACTER_ACTIONS (CHARACTER_ID,ACTION_ID) values (1,1);
Insert into SKLEP.CHARACTER_ACTIONS (CHARACTER_ID,ACTION_ID) values (1,2);
Insert into SKLEP.CHARACTER_ACTIONS (CHARACTER_ID,ACTION_ID) values (1,3);
Insert into SKLEP.CHARACTER_ACTIONS (CHARACTER_ID,ACTION_ID) values (2,1);
Insert into SKLEP.CHARACTER_ACTIONS (CHARACTER_ID,ACTION_ID) values (2,2);
Insert into SKLEP.CHARACTER_ACTIONS (CHARACTER_ID,ACTION_ID) values (2,3);
Insert into SKLEP.CHARACTER_ACTIONS (CHARACTER_ID,ACTION_ID) values (3,1);
Insert into SKLEP.CHARACTER_ACTIONS (CHARACTER_ID,ACTION_ID) values (3,2);
Insert into SKLEP.CHARACTER_ACTIONS (CHARACTER_ID,ACTION_ID) values (3,3);
Insert into SKLEP.CHARACTER_ACTIONS (CHARACTER_ID,ACTION_ID) values (4,1);
Insert into SKLEP.CHARACTER_ACTIONS (CHARACTER_ID,ACTION_ID) values (4,2);
Insert into SKLEP.CHARACTER_ACTIONS (CHARACTER_ID,ACTION_ID) values (4,3);
Insert into SKLEP.CHARACTER_ACTIONS (CHARACTER_ID,ACTION_ID) values (5,1);
Insert into SKLEP.CHARACTER_ACTIONS (CHARACTER_ID,ACTION_ID) values (5,2);
Insert into SKLEP.CHARACTER_ACTIONS (CHARACTER_ID,ACTION_ID) values (5,3);
Insert into SKLEP.CHARACTER_ACTIONS (CHARACTER_ID,ACTION_ID) values (6,1);
Insert into SKLEP.CHARACTER_ACTIONS (CHARACTER_ID,ACTION_ID) values (6,2);
Insert into SKLEP.CHARACTER_ACTIONS (CHARACTER_ID,ACTION_ID) values (6,3);
Insert into SKLEP.CHARACTER_ACTIONS (CHARACTER_ID,ACTION_ID) values (7,1);
Insert into SKLEP.CHARACTER_ACTIONS (CHARACTER_ID,ACTION_ID) values (7,2);
Insert into SKLEP.CHARACTER_ACTIONS (CHARACTER_ID,ACTION_ID) values (7,3);
REM INSERTING into SKLEP.CHARACTERS
SET DEFINE OFF;
Insert into SKLEP.CHARACTERS (CHARACTER_ID,NAME,HOMELAND,FAVORITE_COLOR) values (1,'Mario','Mushroom Kingdom','Red');
Insert into SKLEP.CHARACTERS (CHARACTER_ID,NAME,HOMELAND,FAVORITE_COLOR) values (2,'Luigi','Mushroom Kin
gdom','Green');
Insert into SKLEP.CHARACTERS (CHARACTER_ID,NAME,HOMELAND,FAVORITE_COLOR) values (3,'Peach','Mushroom Kin
gdom','Pink');
Insert into SKLEP.CHARACTERS (CHARACTER_ID,NAME,HOMELAND,FAVORITE_COLOR) values (4,'Toad','Mushroom Kingdom','Blue');
Insert into SKLEP.CHARACTERS (CHARACTER_ID,NAME,HOMELAND,FAVORITE_COLOR) values (5,'Bowser','Koopa Kingdom','Yellow');
Insert into SKLEP.CHARACTERS (CHARACTER_ID,NAME,HOMELAND,FAVORITE_COLOR) values (6,'Daisy','Sarasaland','Orange');
Insert into SKLEP.CHARACTERS (CHARACTER_ID,NAME,HOMELAND,FAVORITE_COLOR) values (7,'Yoshi','Dinosaur Land','Green');
REM INSERTING into SKLEP.MORE_INFO
SET DEFINE OFF;
Insert into SKLEP.MORE_INFO (MORE_INFO_ID,BIRTHDAY,HEIGHT_IN_CM,WEIGHT_IN_KG,CHARACTER_ID) values (1,to_date('1981-07-09','YYYY-MM-DD'),155,64.5,1);
Insert into SKLEP.MORE_INFO (MORE_INFO_ID,BIRTHDAY,HEIGHT_IN_CM,WEIGHT_IN_KG,CHARACTER_ID) values (2,to_date('1983-07-14','YYYY-MM-DD'),175,48.8,2);
Insert into SKLEP.MORE_INFO (MORE_INFO_ID,BIRTHDAY,HEIGHT_IN_CM,WEIGHT_IN_KG,CHARACTER_ID) values (3,to_date('1985-10-18','YYYY-MM-DD'),173,52.2,3);
Insert into SKLEP.MORE_INFO (MORE_INFO_ID,BIRTHDAY,HEIGHT_IN_CM,WEIGHT_IN_KG,CHARACTER_ID) values (4,to_date('1950-01-10','YYYY-MM-DD'),66,35.6,4);
Insert into SKLEP.MORE_INFO (MORE_INFO_ID,BIRTHDAY,HEIGHT_IN_CM,WEIGHT_IN_KG,CHARACTER_ID) values (5,to_date('1990-10-29','YYYY-MM-DD'),258,300,5);
Insert into SKLEP.MORE_INFO (MORE_INFO_ID,BIRTHDAY,HEIGHT_IN_CM,WEIGHT_IN_KG,CHARACTER_ID) values (6,to_date('1989-07-31','YYYY-MM-DD'),null,null,6);
Insert into SKLEP.MORE_INFO (MORE_INFO_ID,BIRTHDAY,HEIGHT_IN_CM,WEIGHT_IN_KG,CHARACTER_ID) values (7,to_date('1990-04-13','YYYY-MM-DD'),162,59.1,7);
REM INSERTING into SKLEP.SOUNDS
SET DEFINE OFF;
Insert into SKLEP.SOUNDS (SOUND_ID,FILENAME,CHARACTER_ID) values (1,'its-a-me.wav',1);
Insert into SKLEP.SOUNDS (SOUND_ID,FILENAME,CHARACTER_ID) values (2,'yippee.wav',1);
Insert into SKLEP.SOUNDS (SOUND_ID,FILENAME,CHARACTER_ID) values (3,'ha-ha.wav',2);
Insert into SKLEP.SOUNDS (SOUND_ID,FILENAME,CHARACTER_ID) values (4,'oh-yeah.wav',2);
Insert into SKLEP.SOUNDS (SOUND_ID,FILENAME,CHARACTER_ID) values (5,'yay.wav',3);
Insert into SKLEP.SOUNDS (SOUND_ID,FILENAME,CHARACTER_ID) values (6,'woo-hoo.wav',3);
Insert into SKLEP.SOUNDS (SOUND_ID,FILENAME,CHARACTER_ID) values (7,'mm-hmm.wav',3);
Insert into SKLEP.SOUNDS (SOUND_ID,FILENAME,CHARACTER_ID) values (8,'yahoo.wav',1);
--------------------------------------------------------
--  DDL for Index SYS_C007012
--------------------------------------------------------

  CREATE UNIQUE INDEX "SKLEP"."SYS_C007012" ON "SKLEP"."ACTIONS" ("ACTION_ID") 
  PCTFREE 10 INITRANS 2 MAXTRANS 255 COMPUTE STATISTICS 
  STORAGE(INITIAL 65536 NEXT 1048576 MINEXTENTS 1 MAXEXTENTS 2147483645
  PCTINCREASE 0 FREELISTS 1 FREELIST GROUPS 1 BUFFER_POOL DEFAULT FLASH_CACHE DEFAULT CELL_FLASH_CACHE DEFAULT)
  TABLESPACE "SYSTEM" ;
--------------------------------------------------------
--  DDL for Index SYS_C007014
--------------------------------------------------------

  CREATE UNIQUE INDEX "SKLEP"."SYS_C007014" ON "SKLEP"."ACTIONS" ("ACTION") 
  PCTFREE 10 INITRANS 2 MAXTRANS 255 COMPUTE STATISTICS 
  STORAGE(INITIAL 65536 NEXT 1048576 MINEXTENTS 1 MAXEXTENTS 2147483645
  PCTINCREASE 0 FREELISTS 1 FREELIST GROUPS 1 BUFFER_POOL DEFAULT FLASH_CACHE DEFAULT CELL_FLASH_CACHE DEFAULT)
  TABLESPACE "SYSTEM" ;
--------------------------------------------------------
--  DDL for Index SYS_C007019
--------------------------------------------------------

  CREATE UNIQUE INDEX "SKLEP"."SYS_C007019" ON "SKLEP"."CHARACTER_ACTIONS" ("CHARACTER_ID", "ACTION_ID") 
  PCTFREE 10 INITRANS 2 MAXTRANS 255 COMPUTE STATISTICS 
  STORAGE(INITIAL 65536 NEXT 1048576 MINEXTENTS 1 MAXEXTENTS 2147483645
  PCTINCREASE 0 FREELISTS 1 FREELIST GROUPS 1 BUFFER_POOL DEFAULT FLASH_CACHE DEFAULT CELL_FLASH_CACHE DEFAULT)
  TABLESPACE "SYSTEM" ;
--------------------------------------------------------
--  DDL for Index SYS_C007002
--------------------------------------------------------

  CREATE UNIQUE INDEX "SKLEP"."SYS_C007002" ON "SKLEP"."CHARACTERS" ("CHARACTER_ID") 
  PCTFREE 10 INITRANS 2 MAXTRANS 255 COMPUTE STATISTICS 
  STORAGE(INITIAL 65536 NEXT 1048576 MINEXTENTS 1 MAXEXTENTS 2147483645
  PCTINCREASE 0 FREELISTS 1 FREELIST GROUPS 1 BUFFER_POOL DEFAULT FLASH_CACHE DEFAULT CELL_FLASH_CACHE DEFAULT)
  TABLESPACE "SYSTEM" ;
--------------------------------------------------------
--  DDL for Index SYS_C007003
--------------------------------------------------------

  CREATE UNIQUE INDEX "SKLEP"."SYS_C007003" ON "SKLEP"."MORE_INFO" ("MORE_INFO_ID") 
  PCTFREE 10 INITRANS 2 MAXTRANS 255 COMPUTE STATISTICS 
  STORAGE(INITIAL 65536 NEXT 1048576 MINEXTENTS 1 MAXEXTENTS 2147483645
  PCTINCREASE 0 FREELISTS 1 FREELIST GROUPS 1 BUFFER_POOL DEFAULT FLASH_CACHE DEFAULT CELL_FLASH_CACHE DEFAULT)
  TABLESPACE "SYSTEM" ;
--------------------------------------------------------
--  DDL for Index SYS_C007005
--------------------------------------------------------

  CREATE UNIQUE INDEX "SKLEP"."SYS_C007005" ON "SKLEP"."MORE_INFO" ("CHARACTER_ID") 
  PCTFREE 10 INITRANS 2 MAXTRANS 255 COMPUTE STATISTICS 
  STORAGE(INITIAL 65536 NEXT 1048576 MINEXTENTS 1 MAXEXTENTS 2147483645
  PCTINCREASE 0 FREELISTS 1 FREELIST GROUPS 1 BUFFER_POOL DEFAULT FLASH_CACHE DEFAULT CELL_FLASH_CACHE DEFAULT)
  TABLESPACE "SYSTEM" ;
--------------------------------------------------------
--  DDL for Index SYS_C007007
--------------------------------------------------------

  CREATE UNIQUE INDEX "SKLEP"."SYS_C007007" ON "SKLEP"."SOUNDS" ("SOUND_ID") 
  PCTFREE 10 INITRANS 2 MAXTRANS 255 COMPUTE STATISTICS 
  STORAGE(INITIAL 65536 NEXT 1048576 MINEXTENTS 1 MAXEXTENTS 2147483645
  PCTINCREASE 0 FREELISTS 1 FREELIST GROUPS 1 BUFFER_POOL DEFAULT FLASH_CACHE DEFAULT CELL_FLASH_CACHE DEFAULT)
  TABLESPACE "SYSTEM" ;
--------------------------------------------------------
--  DDL for Index SYS_C007009
--------------------------------------------------------

  CREATE UNIQUE INDEX "SKLEP"."SYS_C007009" ON "SKLEP"."SOUNDS" ("FILENAME") 
  PCTFREE 10 INITRANS 2 MAXTRANS 255 COMPUTE STATISTICS 
  STORAGE(INITIAL 65536 NEXT 1048576 MINEXTENTS 1 MAXEXTENTS 2147483645
  PCTINCREASE 0 FREELISTS 1 FREELIST GROUPS 1 BUFFER_POOL DEFAULT FLASH_CACHE DEFAULT CELL_FLASH_CACHE DEFAULT)
  TABLESPACE "SYSTEM" ;
--------------------------------------------------------
--  DDL for Trigger ACTION_ID_TRIGGER
--------------------------------------------------------

  CREATE OR REPLACE TRIGGER "SKLEP"."ACTION_ID_TRIGGER" 
BEFORE INSERT ON actions
FOR EACH ROW
BEGIN
    SELECT action_id_seq.NEXTVAL INTO :NEW.action_id FROM DUAL;
END;

/
ALTER TRIGGER "SKLEP"."ACTION_ID_TRIGGER" ENABLE;
--------------------------------------------------------
--  DDL for Trigger CHARACTER_ID_TRIGGER
--------------------------------------------------------

  CREATE OR REPLACE TRIGGER "SKLEP"."CHARACTER_ID_TRIGGER" 
BEFORE INSERT ON characters
FOR EACH ROW
BEGIN
    SELECT character_id_seq.NEXTVAL INTO :NEW.character_id FROM DUAL;
END;

/
ALTER TRIGGER "SKLEP"."CHARACTER_ID_TRIGGER" ENABLE;
--------------------------------------------------------
--  DDL for Trigger MORE_INFO_ID_TRIGGER
--------------------------------------------------------

  CREATE OR REPLACE TRIGGER "SKLEP"."MORE_INFO_ID_TRIGGER" 
BEFORE INSERT ON more_info
FOR EACH ROW
BEGIN
    SELECT more_info_id_seq.NEXTVAL INTO :NEW.more_info_id FROM DUAL;
END;

/
ALTER TRIGGER "SKLEP"."MORE_INFO_ID_TRIGGER" ENABLE;
--------------------------------------------------------
--  DDL for Trigger SOUND_ID_TRIGGER
--------------------------------------------------------

  CREATE OR REPLACE TRIGGER "SKLEP"."SOUND_ID_TRIGGER" 
BEFORE INSERT ON sounds
FOR EACH ROW
BEGIN
    SELECT sound_id_seq.NEXTVAL INTO :NEW.sound_id FROM DUAL;
END;

/
ALTER TRIGGER "SKLEP"."SOUND_ID_TRIGGER" ENABLE;
--------------------------------------------------------
--  Constraints for Table ACTIONS
--------------------------------------------------------

  ALTER TABLE "SKLEP"."ACTIONS" ADD UNIQUE ("ACTION")
  USING INDEX PCTFREE 10 INITRANS 2 MAXTRANS 255 COMPUTE STATISTICS 
  STORAGE(INITIAL 65536 NEXT 1048576 MINEXTENTS 1 MAXEXTENTS 2147483645
  PCTINCREASE 0 FREELISTS 1 FREELIST GROUPS 1 BUFFER_POOL DEFAULT FLASH_CACHE DEFAULT CELL_FLASH_CACHE DEFAULT)
  TABLESPACE "SYSTEM"  ENABLE;
  ALTER TABLE "SKLEP"."ACTIONS" MODIFY ("ACTION" NOT NULL ENABLE);
  ALTER TABLE "SKLEP"."ACTIONS" ADD PRIMARY KEY ("ACTION_ID")
  USING INDEX PCTFREE 10 INITRANS 2 MAXTRANS 255 COMPUTE STATISTICS 
  STORAGE(INITIAL 65536 NEXT 1048576 MINEXTENTS 1 MAXEXTENTS 2147483645
  PCTINCREASE 0 FREELISTS 1 FREELIST GROUPS 1 BUFFER_POOL DEFAULT FLASH_CACHE DEFAULT CELL_FLASH_CACHE DEFAULT)
  TABLESPACE "SYSTEM"  ENABLE;
--------------------------------------------------------
--  Constraints for Table CHARACTER_ACTIONS
--------------------------------------------------------

  ALTER TABLE "SKLEP"."CHARACTER_ACTIONS" ADD PRIMARY KEY ("CHARACTER_ID", "ACTION_ID")
  USING INDEX PCTFREE 10 INITRANS 2 MAXTRANS 255 COMPUTE STATISTICS 
  STORAGE(INITIAL 65536 NEXT 1048576 MINEXTENTS 1 MAXEXTENTS 2147483645
  PCTINCREASE 0 FREELISTS 1 FREELIST GROUPS 1 BUFFER_POOL DEFAULT FLASH_CACHE DEFAULT CELL_FLASH_CACHE DEFAULT)
  TABLESPACE "SYSTEM"  ENABLE;
  ALTER TABLE "SKLEP"."CHARACTER_ACTIONS" MODIFY ("ACTION_ID" NOT NULL ENABLE);
  ALTER TABLE "SKLEP"."CHARACTER_ACTIONS" MODIFY ("CHARACTER_ID" NOT NULL ENABLE);
--------------------------------------------------------
--  Constraints for Table CHARACTERS
--------------------------------------------------------

  ALTER TABLE "SKLEP"."CHARACTERS" MODIFY ("NAME" NOT NULL ENABLE);
  ALTER TABLE "SKLEP"."CHARACTERS" ADD PRIMARY KEY ("CHARACTER_ID")
  USING INDEX PCTFREE 10 INITRANS 2 MAXTRANS 255 COMPUTE STATISTICS 
  STORAGE(INITIAL 65536 NEXT 1048576 MINEXTENTS 1 MAXEXTENTS 2147483645
  PCTINCREASE 0 FREELISTS 1 FREELIST GROUPS 1 BUFFER_POOL DEFAULT FLASH_CACHE DEFAULT CELL_FLASH_CACHE DEFAULT)
  TABLESPACE "SYSTEM"  ENABLE;
--------------------------------------------------------
--  Constraints for Table MORE_INFO
--------------------------------------------------------

  ALTER TABLE "SKLEP"."MORE_INFO" MODIFY ("CHARACTER_ID" NOT NULL ENABLE);
  ALTER TABLE "SKLEP"."MORE_INFO" ADD UNIQUE ("CHARACTER_ID")
  USING INDEX PCTFREE 10 INITRANS 2 MAXTRANS 255 COMPUTE STATISTICS 
  STORAGE(INITIAL 65536 NEXT 1048576 MINEXTENTS 1 MAXEXTENTS 2147483645
  PCTINCREASE 0 FREELISTS 1 FREELIST GROUPS 1 BUFFER_POOL DEFAULT FLASH_CACHE DEFAULT CELL_FLASH_CACHE DEFAULT)
  TABLESPACE "SYSTEM"  ENABLE;
  ALTER TABLE "SKLEP"."MORE_INFO" ADD PRIMARY KEY ("MORE_INFO_ID")
  USING INDEX PCTFREE 10 INITRANS 2 MAXTRANS 255 COMPUTE STATISTICS 
  STORAGE(INITIAL 65536 NEXT 1048576 MINEXTENTS 1 MAXEXTENTS 2147483645
  PCTINCREASE 0 FREELISTS 1 FREELIST GROUPS 1 BUFFER_POOL DEFAULT FLASH_CACHE DEFAULT CELL_FLASH_CACHE DEFAULT)
  TABLESPACE "SYSTEM"  ENABLE;
--------------------------------------------------------
--  Constraints for Table SOUNDS
--------------------------------------------------------

  ALTER TABLE "SKLEP"."SOUNDS" MODIFY ("CHARACTER_ID" NOT NULL ENABLE);
  ALTER TABLE "SKLEP"."SOUNDS" ADD UNIQUE ("FILENAME")
  USING INDEX PCTFREE 10 INITRANS 2 MAXTRANS 255 COMPUTE STATISTICS 
  STORAGE(INITIAL 65536 NEXT 1048576 MINEXTENTS 1 MAXEXTENTS 2147483645
  PCTINCREASE 0 FREELISTS 1 FREELIST GROUPS 1 BUFFER_POOL DEFAULT FLASH_CACHE DEFAULT CELL_FLASH_CACHE DEFAULT)
  TABLESPACE "SYSTEM"  ENABLE;
  ALTER TABLE "SKLEP"."SOUNDS" MODIFY ("FILENAME" NOT NULL ENABLE);
  ALTER TABLE "SKLEP"."SOUNDS" ADD PRIMARY KEY ("SOUND_ID")
  USING INDEX PCTFREE 10 INITRANS 2 MAXTRANS 255 COMPUTE STATISTICS 
  STORAGE(INITIAL 65536 NEXT 1048576 MINEXTENTS 1 MAXEXTENTS 2147483645
  PCTINCREASE 0 FREELISTS 1 FREELIST GROUPS 1 BUFFER_POOL DEFAULT FLASH_CACHE DEFAULT CELL_FLASH_CACHE DEFAULT)
  TABLESPACE "SYSTEM"  ENABLE;
--------------------------------------------------------
--  Ref Constraints for Table CHARACTER_ACTIONS
--------------------------------------------------------

  ALTER TABLE "SKLEP"."CHARACTER_ACTIONS" ADD FOREIGN KEY ("CHARACTER_ID")
	  REFERENCES "SKLEP"."CHARACTERS" ("CHARACTER_ID") ENABLE;
  ALTER TABLE "SKLEP"."CHARACTER_ACTIONS" ADD FOREIGN KEY ("ACTION_ID")
	  REFERENCES "SKLEP"."ACTIONS" ("ACTION_ID") ENABLE;
--------------------------------------------------------
--  Ref Constraints for Table MORE_INFO
--------------------------------------------------------

  ALTER TABLE "SKLEP"."MORE_INFO" ADD FOREIGN KEY ("CHARACTER_ID")
	  REFERENCES "SKLEP"."CHARACTERS" ("CHARACTER_ID") ENABLE;
--------------------------------------------------------
--  Ref Constraints for Table SOUNDS
--------------------------------------------------------

  ALTER TABLE "SKLEP"."SOUNDS" ADD FOREIGN KEY ("CHARACTER_ID")
	  REFERENCES "SKLEP"."CHARACTERS" ("CHARACTER_ID") ENABLE;
